﻿<?xml version="1.0" encoding="UTF-8"?>
<StubConfig>
	<!-- MQ/HTTP/HTTPS  -->
	<GetIncomingFrom>MQ</GetIncomingFrom>
	<Persistence>NOT_PERSISTENT</Persistence>
	
	<Databases>
		<Database>
			<Label>table</Label>
			<Type>MYSQL</Type>
			<Host>host.ca.sbrf.ru</Host>
			<Port>12345</Port>
			<Schema>schema</Schema>
			<Login>root</Login>
			<Password>root</Password>
		</Database>
	</Databases>
	
	<Queues>
		<!-- Параметры очередей с которыми будет работать заглушка  -->
		<Queue>
			<Label>StubIn</Label>
			<Server>host</Server>
			<Port>1417</Port>
			<Qmanager>qmgr</Qmanager>
			<Channel>SC.CONN</Channel>
			<Queue>TEST1</Queue>
			<User/>
			<Password/>
		</Queue>
		<Queue>
			<Label>StubOut</Label>
			<Server>host</Server>
			<Port>1417</Port>
			<Qmanager>ESB.IB.ALIAS</Qmanager>
			<Channel>SC.CONN</Channel>
			<Queue>TEST2</Queue>
			<User/>
			<Password/>
		</Queue>
		<!-- Label очереди из которой заглушка будет получать сообщения  -->
		<StubInputQLabel>StubIn</StubInputQLabel>
	</Queues>
	<Processing>
		<!-- Path/to/templates  -->
		<TemplatesPath>Templates\CRMORG</TemplatesPath>
		<!-- Concat this values if founded in incoming msg to prepare OpName  -->
		<IncomingOperationNameExtractors>
			<Extractor>
				<Type>RootTag</Type>
			</Extractor>
		</IncomingOperationNameExtractors>
		<Operations>
			<Operation Name="DEFAULT">
			<!-- MSGID => CorellationID  -->
			<BypassReplyTo>true</BypassReplyTo>
			<!-- Send to replyTo destination  -->
			<BypassDestination>false</BypassDestination>
			<!-- Copy all incoming headers -->
			<CopyJMSHeaders>false</CopyJMSHeaders>
			<Respond2Queue>StubOut</Respond2Queue>
				<Delay>
					<Min>50</Min>
					<Max>150</Max>
				</Delay>
			</Operation>
			<Operation Name="Notification" Template="template.xml">
				<Extractors>
					<Extractor>
						<Type>ByTagName</Type>
						<TagName>PIGEON</TagName>
						<ExtractedName>kyrlyk</ExtractedName>
					</Extractor>
					<Extractor>
						<Type>BySqlQuery</Type>
						<DataBase>table</DataBase>
						<SqlQuery parameters="kyrlyk">
							SELECT NVL (
							(SELECT c_str
							FROM z#properties
							WHERE     c_group_prop = 1520005646344
							AND c_str IS NOT NULL
							AND collection_id =
							(SELECT DISTINCT c_properties
							FROM z#pr_cred
							WHERE c_client = ? AND c_client != ? AND ROWNUM = 1)), 9999)
							CARDNUM
							FROM DUAL
						</SqlQuery>
						<Timeout>60</Timeout>
						<DefaultValue>123456</DefaultValue>
						<ExtractedName>cardNum</ExtractedName>
					</Extractor>
				</Extractors>
				<Replacers>
					<Replacer>
						<Type>ByTagName</Type>
						<TagName>CardNumber</TagName>
						<ExtractedName>cardNum</ExtractedName>
					</Replacer>
				</Replacers>
			</Operation>
		</Operations>
	</Processing>
</StubConfig>