<?xml version="1.0" encoding="UTF-8" standalone="no"?>
<configuration xmlns="influxdb-agent-wmq" xmlns:xsi="http://www.w3.org/2001/XMLSchema-instance" xsi:schemaLocation="influxdb-agent-wmq config.xsd">

    <influxdb>
        <url>http://CHANGE_ME:8086/</url>
        <database>CHANGE_ME</database>
        <username>CHANGE_ME</username>
        <password>CHANGE_ME</password>
        <submit-interval-sec>15</submit-interval-sec>
    </influxdb>

    <!-- 
        REQUIRED PERMISSIONS FOR QUEUE MONITORING (make sure you have them all if you get 2035 MQRC_NOT_AUTHORIZED error):
            For each queue manager: +dsp
            For each queue: +chg +dsp
            SYSTEM.ADMIN.COMMAND.QUEUE (in each queue manager) +put +inq
            SYSTEM.DEFAULT.MODEL.QUEUE (in each queue manager) +get +dsp
            
        EXAMPLE SCRIPT (.bat) to apply these permissions:
            set QMGR=M00.M54.COD
            set QUSR=usv18usr
            setmqaut -m %QMGR% -p %QUSR% -t qmgr +dsp
            setmqaut -m %QMGR% -p %QUSR% -t q -n SYSTEM.ADMIN.COMMAND.QUEUE +put +inq
            setmqaut -m %QMGR% -p %QUSR% -t q -n SYSTEM.DEFAULT.MODEL.QUEUE +get +dsp
            setmqaut -m %QMGR% -p %QUSR% -t q -n SYSTEM.DEAD.LETTER.QUEUE +chg +dsp
            setmqaut -m %QMGR% -p %QUSR% -t q -n Q.MQ2JRN.USV.IN +chg +dsp
            
        In several cases you may also need to disable channel authentication (.bat):
            echo ALTER QMGR CHLAUTH(DISABLE) | runmqsc %QMGR%
            
        REQUIRED PERMISSIONS FOR CHANNEL MONITORING (in case if you get 3065 MQRCCF_CHL_STATUS_NOT_FOUND):
            Make sure you are connecting via administrative Server Connection Channel
    -->
    <collectors>

        <collector>
            <!--
                You can set additional tags for each collector.
                This is optional, i.e. you can safely delete 'tags' block.
            -->
            <tags>
                <tag name="group">groupA</tag>
            </tags>

            <!--
                Set collect="true" on manager to enable monitoring at queue manager level.
                By default, collect="false".
            -->
            <manager collect="true">M00.M54.COD</manager>
            <channel>SC.ADM</channel>
            <host>tv-cod-8r2-000.ca.sbrf.ru</host>
            <port>4444</port>
            
            <!--
                There must be either 'queues' or 'channels' block (or both) in each collector:
            -->
            <queues>
                <queue>SYSTEM.DEAD.LETTER.QUEUE</queue>
                <queue>Q.MQ2JRN.USV.IN</queue>
                
                <!-- You can also add all queues from manager by regex: -->
                <regex>Q\.MQ2JRN.+</regex>
            </queues>
            
            <channels>
                <channel>SC.JRN.USV</channel>
                
                <!--
                    For particular monitored channels, you can use 'by-connection-name' flag.
                    This enables the collection of a new measurement: wmqagent_channel_by_connection_name
                    This measurement will contain all channel metrics aggregated by
                    client machine's IP.
                    
                    By default, by-connection-name="false".
                -->
                <channel by-connection-name="true">SC.APPLICATION.IN</channel>
            </channels>
        </collector>

    </collectors>

</configuration>
