<?xml version="1.0" encoding="UTF-8"?>
<configuration>

<!--   <appender name="FILE" class="ch.qos.logback.core.FileAppender">
    <file>myApp.log</file>

      <encoder>
        <pattern>%date %level [%thread] %logger{10} [%file:%line] %msg%n</pattern>
      </encoder>
    </appender> -->

    <appender name="FILE" class="ch.qos.logback.core.rolling.RollingFileAppender">
        <rollingPolicy class="ch.qos.logback.core.rolling.TimeBasedRollingPolicy">
            <fileNamePattern>sbt-agent-wmq-%d{yyyy-MM-dd}.log</fileNamePattern>
            <maxHistory>30</maxHistory>
        </rollingPolicy>
        <encoder>
            <!-- <pattern>%date %level [%thread] %logger{10} [%file:%line] %msg%n</pattern> -->
            <pattern>%d{HH:mm:ss.SSS} %5level | [%thread] %c{0}: %msg%n</pattern>
        </encoder>
    </appender>

    <appender name="STDOUT" class="ch.qos.logback.core.ConsoleAppender">
        <encoder>
            <!-- <pattern>%d{HH:mm:ss.SSS} [%thread] %-5level %logger{36} - %msg%n</pattern> -->
            <!--<pattern>%d{HH:mm} [%thread] %-5level %logger{36} - %msg%n</pattern>--> 
            <pattern>%d{HH:mm:ss.SSS} %5level | [%thread] %c{0}: %msg%n</pattern> 
            <!--<pattern>%d{HH:mm:ss.SSS} %5level | %msg%n</pattern>-->
        </encoder>
    </appender>

    <root level="debug">
        <appender-ref ref="STDOUT" />
        <appender-ref ref="FILE" /> 
    </root>

</configuration>
